{
    "epoch": 3.0,
    "total_flos": 4.9141057372328755e+17,
    "train_loss": 2.501045199018478,
    "train_runtime": 88172.0916,
    "train_samples": 953621,
    "train_samples_per_second": 32.446,
    "train_steps_per_second": 0.507
}