{
    "epoch": 3.0,
    "eval_bleu": 12.8779352258697,
    "eval_gen_len": 29.678846153846155,
    "eval_loss": 3.677391290664673,
    "eval_runtime": 39.6083,
    "eval_samples": 520,
    "eval_samples_per_second": 13.129,
    "eval_steps_per_second": 0.833,
    "total_flos": 3389046221291520.0,
    "train_loss": 2.6087808179175034,
    "train_runtime": 1148.0571,
    "train_samples": 32863,
    "train_samples_per_second": 85.875,
    "train_steps_per_second": 0.672
}